Date,AAPL,MSFT,SPY
2019-01-02,37.6668,95.3129,226.929
2019-01-03,33.9151,91.8045,221.503
2019-01-04,35.3619,96.0834,228.938
2019-01-07,35.2809,96.2065,230.757
2019-01-08,35.9531,96.8953,232.902
2019-01-09,36.5659,98.2982,234.012
2019-01-10,36.6833,97.6639,234.835
2019-01-11,36.3257,96.8953,234.931
2019-01-14,35.7816,96.1968,233.485
2019-01-15,36.5138,98.9542,236.155
2019-01-16,36.9592,99.3054,236.73
2019-01-17,37.176,100.018,238.53
2019-01-18,37.4026,101.54,241.706
2019-01-22,36.5639,99.5984,238.443
2019-01-23,36.7088,100.585,238.931
2019-01-24,36.4222,100.086,239.065
2019-01-25,37.6304,101.024,241.103
2019-01-28,37.2795,99.0215,239.266
2019-01-29,36.8962,97.0241,238.931
2019-01-30,39.4133,100.261,242.711
2019-01-31,39.7009,98.4454,244.838
2019-02-01,39.7176,96.8755,244.96
2019-02-04,40.8489,99.6575,246.703
2019-02-05,41.5446,101.071,247.73
2019-02-06,41.5595,99.93,247.402
2019-02-07,40.7731,99.1973,245.038
2019-02-08,40.8222,99.5885,245.333
2019-02-11,40.585,99.1776,245.479
2019-02-12,40.9347,100.76,248.636
2019-02-13,40.7661,100.681,249.45
2019-02-14,40.9138,100.77,248.893
2019-02-15,40.8252,101.989,251.603
2019-02-19,40.9437,101.941,252.033
2019-02-20,41.2106,101.444,252.57
2019-02-21,40.9751,103.573,251.641
2019-02-22,41.4334,105.048,253.202
2019-02-25,41.734,105.624,253.537
2019-02-26,41.7587,106.357,253.373
2019-02-27,41.8887,106.18,253.258
2019-02-28,41.4787,106.044,252.811
2019-03-01,41.9125,106.514,254.38
2019-03-04,42.1262,106.269,253.433
2019-03-05,42.0494,105.721,253.087
2019-03-06,41.8029,105.769,251.574
2019-03-07,41.3231,104.482,249.469
2019-03-08,41.4197,104.598,248.973
2019-03-11,42.8546,106.807,252.596
2019-03-12,43.3384,107.538,253.518
2019-03-13,43.5277,108.387,255.202
2019-03-14,44.0114,108.476,255.04
2019-03-15,44.584,109.707,256.302
2019-03-18,45.0394,111.288,257.23
2019-03-19,44.6817,111.367,257.297
2019-03-20,45.074,111.24,256.513
2019-03-21,46.7294,113.808,259.404
2019-03-22,45.7635,110.8,254.434
2019-03-25,45.2158,111.377,254.234
2019-03-26,44.7456,111.601,256.142
2019-03-27,45.1499,110.537,254.791
2019-03-28,45.2109,110.684,255.749
2019-03-29,45.4996,111.63,257.355
2019-04-01,45.811,112.657,260.428
2019-04-02,46.4782,112.822,260.561
2019-04-03,46.7935,113.576,260.955
2019-04-04,46.8733,112.989,261.645
2019-04-05,47.1908,113.497,262.917
2019-04-08,47.9368,113.536,263.116
2019-04-09,47.79,112.911,261.759
2019-04-10,48.0562,113.779,262.648
2019-04-11,47.6567,113.908,262.591
2019-04-12,47.637,114.483,264.352
2019-04-15,47.7257,114.572,264.181
2019-04-16,47.7306,114.318,264.352
2019-04-17,48.6581,115.275,263.711
2019-04-18,48.8317,116.768,264.227
2019-04-22,48.9931,117.14,264.457
2019-04-23,49.6989,118.76,266.832
2019-04-24,49.6219,118.34,266.245
2019-04-25,49.1746,122.25,266.086
2019-04-26,48.9399,122.951,267.318
2019-04-29,49.0127,122.834,267.751
2019-04-30,48.0687,123.646,267.893
2019-05-01,50.4311,121.046,265.864
2019-05-02,50.1008,119.477,265.299
2019-05-03,50.7228,122.005,267.893
2019-05-06,49.9373,121.301,266.774
2019-05-07,48.5952,118.829,262.332
2019-05-08,48.602,118.819,261.97
2019-05-09,48.0815,118.819,261.165
2019-05-10,47.4155,120.324,262.496
2019-05-13,44.6599,116.749,255.891
2019-05-14,45.3695,118.069,258.216
2019-05-15,45.9104,119.737,259.702
2019-05-16,45.7045,122.493,262.131
2019-05-17,45.4482,121.663,260.438
2019-05-20,44.0262,119.906,258.696
2019-05-21,44.8689,120.548,261.031
2019-05-22,43.9494,121.291,260.245
2019-05-23,43.2023,119.877,257.058
2019-05-24,43.0349,119.924,257.643
2019-05-28,42.8586,119.867,255.241
2019-05-29,42.6535,118.722,253.518
2019-05-30,42.8754,119.467,254.224
2019-05-31,42.0996,117.511,250.781
2019-06-03,41.67,113.858,250.16
2019-06-04,43.1973,117.004,255.584
2019-06-05,43.8972,119.554,257.795
2019-06-06,44.5377,121.437,259.47
2019-06-07,45.7223,124.837,262.082
2019-06-10,46.3087,125.968,263.291
2019-06-11,46.8419,125.49,263.224
2019-06-12,46.6941,124.926,262.744
2019-06-13,46.6872,125.695,263.836
2019-06-14,46.3481,125.824,263.54
2019-06-17,46.6249,126.203,263.641
2019-06-18,47.7208,128.402,266.39
2019-06-19,47.579,128.919,267.003
2019-06-20,47.9674,130.11,269.558
2019-06-21,47.8016,130.13,269.156
2019-06-24,47.7525,130.894,268.824
2019-06-25,47.0281,126.77,266.19
2019-06-26,48.0442,127.259,265.93
2019-06-27,48.0293,127.454,266.867
2019-06-28,47.5918,127.288,268.246
2019-07-01,48.4671,128.909,270.669
2019-07-02,48.7508,129.759,271.395
2019-07-03,49.1549,130.589,273.549
2019-07-05,49.1105,130.218,273.244
2019-07-08,48.0953,130.12,271.759
2019-07-09,48.3922,129.644,272.075
2019-07-10,48.8689,130.959,273.387
2019-07-11,48.5163,131.488,274.028
2019-07-12,48.8859,131.967,275.235
2019-07-15,49.3478,131.967,275.329
2019-07-16,49.1766,130.238,274.402
2019-07-17,48.8986,129.486,272.592
2019-07-18,49.4543,129.614,273.579
2019-07-19,48.717,129.799,272.055
2019-07-22,49.83,131.516,272.727
2019-07-23,50.2181,132.347,274.689
2019-07-24,50.1767,133.686,275.971
2019-07-25,49.7817,133.186,274.66
2019-07-26,49.9533,134.29,276.507
2019-07-29,50.4232,133.989,275.99
2019-07-30,50.2045,133.344,275.299
2019-07-31,51.2283,129.486,272.294
2019-08-01,50.1187,131.156,269.931
2019-08-02,49.0583,130.063,267.903
2019-08-05,46.4931,125.598,259.834
2019-08-06,47.3709,127.971,263.493
2019-08-07,47.8659,128.519,263.641
2019-08-08,48.9183,131.958,268.804
2019-08-09,48.5163,130.824,266.984
2019-08-12,48.3922,129.016,263.78
2019-08-13,50.4427,131.675,267.844
2019-08-14,48.9399,127.728,259.912
2019-08-15,48.6978,127.434,260.61
2019-08-16,49.8457,129.759,264.438
2019-08-19,50.772,131.938,267.644
2019-08-20,50.774,130.834,265.595
2019-08-21,51.328,132.307,267.751
2019-08-22,51.2833,131.332,267.664
2019-08-23,48.9125,127.161,260.792
2019-08-26,49.8427,129.125,263.661
2019-08-27,49.2828,129.406,262.638
2019-08-28,49.6074,129.233,264.477
2019-08-29,50.4526,131.665,267.874
2019-08-30,50.3886,131.41,267.751
2019-09-03,49.6494,129.672,266.172
2019-09-04,50.4961,131.185,269.192
2019-09-05,51.4826,133.511,272.66
2019-09-06,51.4766,132.593,272.859
2019-09-09,51.6944,131.078,272.996
2019-09-10,52.3054,129.71,272.937
2019-09-11,53.9711,129.75,274.9
2019-09-12,53.8478,131.078,275.836
2019-09-13,52.8011,130.894,275.646
2019-09-16,53.0789,129.945,274.813
2019-09-17,53.2761,130.959,275.484
2019-09-18,53.769,132.046,275.656
2019-09-19,53.3392,134.488,275.636
2019-09-20,52.5586,132.923,274.344
2019-09-23,52.7934,132.631,274.277
2019-09-24,52.5468,130.95,272.115
2019-09-25,53.356,132.845,273.733
2019-09-26,53.076,133.013,273.158
2019-09-27,52.8189,131.284,271.704
2019-09-30,54.0608,132.524,272.947
2019-10-01,54.2124,130.657,269.712
2019-10-02,52.8505,128.343,264.945
2019-10-03,53.3059,129.905,267.118
2019-10-04,54.7921,131.665,270.716
2019-10-07,54.8046,130.707,269.558
2019-10-08,54.1661,129.34,265.386
2019-10-09,54.7977,131.772,267.893
2019-10-10,55.5398,132.593,269.712
2019-10-11,57.0151,133.149,272.497
2019-10-14,56.9325,133.023,272.183
2019-10-15,56.8011,134.946,274.909
2019-10-16,56.5747,133.842,274.459
2019-10-17,56.7914,133.159,275.245
2019-10-18,57.0644,130.979,274.057
2019-10-21,58.0511,131.958,275.905
2019-10-22,57.9228,129.985,275.004
2019-10-23,58.6994,130.815,275.809
2019-10-24,58.7979,133.402,276.257
2019-10-25,59.5203,134.155,277.379
2019-10-28,60.1145,137.446,278.958
2019-10-29,58.7269,136.156,278.87
2019-10-30,58.7191,137.846,279.733
2019-10-31,60.0455,136.666,278.985
2019-11-01,61.7486,136.988,281.57
2019-11-04,62.1545,137.787,282.701
2019-11-05,62.0637,137.699,282.394
2019-11-06,62.0914,137.319,282.461
2019-11-07,62.8109,137.515,283.446
2019-11-08,62.9794,139.145,284.146
2019-11-11,63.4792,139.282,283.609
2019-11-12,63.4198,140.189,284.2
2019-11-13,64.03,140.425,284.297
2019-11-14,63.5875,141.138,284.689
2019-11-15,64.3383,142.956,286.749
2019-11-18,64.6667,143.316,286.968
2019-11-19,64.4696,143.355,286.882
2019-11-20,63.7214,143.112,285.838
2019-11-21,63.4318,142.975,285.36
2019-11-22,63.3766,143.083,286.011
2019-11-25,64.4881,144.665,288.222
2019-11-26,63.9855,145.416,288.872
2019-11-27,64.8461,145.69,290.175
2019-11-29,64.7028,144.81,289.074
2019-12-02,63.9542,143.044,286.633
2019-12-03,62.8158,142.807,284.689
2019-12-04,63.3698,143.325,286.471
2019-12-05,64.297,143.404,286.968
2019-12-06,65.5406,145.142,289.59
2019-12-09,64.6213,144.793,288.692
2019-12-10,64.9997,144.566,288.366
2019-12-11,65.5555,145.104,289.178
2019-12-12,65.722,146.559,291.678
2019-12-13,66.6169,147.809,291.86
2019-12-16,67.7571,148.786,293.849
2019-12-17,67.8873,147.966,293.916
2019-12-18,67.7284,147.652,293.936
2019-12-19,67.7945,148.953,295.152
2019-12-20,67.6557,150.544,296.435
2019-12-23,68.7594,150.544,296.894
2019-12-24,68.8225,150.514,296.904
2019-12-26,70.1874,151.776,298.482
2019-12-27,70.1597,152.048,298.405
2019-12-30,70.5778,150.72,296.759
2019-12-31,71.0911,150.829,297.478
2020-01-02,72.7161,153.613,300.272
2020-01-03,72.0115,151.726,297.994
2020-01-06,72.5811,152.118,299.123
2020-01-07,72.2432,150.71,298.29
2020-01-08,73.4042,153.142,299.871
2020-01-09,74.966,155.028,301.899
2020-01-10,75.1306,154.304,301.039
2020-01-13,76.739,156.19,303.113
2020-01-14,75.7013,155.068,302.645
2020-01-15,75.3751,156.093,303.344
2020-01-16,76.3201,158.934,305.852
2020-01-17,77.1667,159.833,306.8
2020-01-21,76.6433,159.257,306.207
2020-01-22,76.9164,158.476,306.243
2020-01-23,77.2859,159.471,306.609
2020-01-24,77.0633,157.84,303.851
2020-01-27,74.7995,155.213,298.988
2020-01-28,76.9144,158.251,302.119
2020-01-29,78.5236,160.722,301.87
2020-01-30,78.4093,165.265,302.865
2020-01-31,74.9374,162.823,297.351
2020-02-03,74.7295,166.796,299.553
2020-02-04,77.1962,172.286,304.128
2020-02-05,77.822,172.071,307.653
2020-02-06,78.7356,175.627,308.685
2020-02-07,77.6654,175.88,307.03
2020-02-10,78.0331,180.491,309.347
2020-02-11,77.5658,176.418,309.863
2020-02-12,79.4046,176.681,311.872
2020-02-13,78.839,175.705,311.537
2020-02-14,78.8588,177.296,312.045
2020-02-18,77.4159,179.066,311.231
2020-02-19,78.5356,179.613,312.697
2020-02-20,77.7323,176.887,311.432
2020-02-21,75.9703,171.28,308.206
2020-02-24,72.3623,163.907,298.003
2020-02-25,69.9095,161.199,288.969
2020-02-26,71.02,163.204,287.906
2020-02-27,66.3774,151.716,274.985
2020-02-28,66.3379,155.378,273.828
2020-03-02,72.5121,165.722,285.687
2020-03-03,70.212,157.762,277.494
2020-03-04,73.4691,163.575,289.159
2020-03-05,71.0831,159.471,279.56
2020-03-06,70.1399,154.958,274.939
2020-03-09,64.5918,144.467,253.442
2020-03-10,69.2462,154.324,266.562
2020-03-11,66.8425,147.34,253.565
2020-03-12,60.2408,133.373,229.321
2020-03-13,67.4575,152.341,248.923
2020-03-16,58.7802,129.875,221.675
2020-03-17,61.3661,140.583,233.657
2020-03-18,59.8614,134.663,221.817
2020-03-19,59.4021,136.858,222.297
2020-03-20,55.6315,131.732,212.706
2020-03-23,54.4507,130.413,207.27
2020-03-24,59.9116,142.261,226.049
2020-03-25,59.5843,140.914,229.446
2020-03-26,62.7172,149.715,242.837
2020-03-27,60.1225,143.579,235.601
2020-03-30,61.8371,153.651,243.268
2020-03-31,61.709,151.258,239.64
2020-04-01,58.4657,145.876,228.856
2020-04-02,59.4393,148.923,234.128
2020-04-03,58.5871,147.537,230.748
2020-04-06,63.6968,158.495,246.252
2020-04-07,62.9579,156.825,246.491
2020-04-08,64.5679,158.358,254.781
2020-04-09,65.0373,158.367,258.638
2020-04-13,66.3125,158.729,256.283
2020-04-14,69.6621,166.593,263.836
2020-04-15,69.0254,164.853,258.244
2020-04-16,69.5754,169.806,259.48
2020-04-17,68.6291,171.289,266.478
2020-04-20,67.2031,167.893,261.785
2020-04-21,65.1298,160.957,253.844
2020-04-22,67.0023,166.416,259.48
2020-04-23,66.7451,164.404,259.461
2020-04-24,68.6717,167.424,263.086
2020-04-27,68.7209,166.936,266.867
2020-04-28,67.6062,162.861,265.644
2020-04-29,69.8247,170.188,272.602
2020-04-30,71.299,171.878,270.067
2020-05-01,70.1499,167.444,262.917
2020-05-04,71.1423,171.524,263.631
2020-05-05,72.2145,173.371,266.076
2020-05-06,72.9587,175.071,264.265
2020-05-07,73.7096,176.088,267.463
2020-05-08,75.4647,177.141,271.875
2020-05-11,76.6533,179.086,271.933
2020-05-12,75.776,175.041,266.506
2020-05-13,74.8635,172.404,261.795
2020-05-14,75.3207,173.145,264.945
2020-05-15,74.8782,175.657,266.162
2020-05-18,76.6413,177.356,274.267
2020-05-19,76.1988,176.116,271.454
2020-05-20,77.68,178.569,276.056
2020-05-21,77.1007,176.418,274.153
2020-05-22,77.5983,176.496,274.679
2020-05-26,77.0712,174.622,278.05
2020-05-27,77.4091,174.854,282.192
2020-05-28,77.4437,174.475,281.666
2020-05-29,77.3669,176.242,282.93
2020-06-01,78.3178,175.831,284.078
2020-06-02,78.6814,177.844,286.432
2020-06-03,79.1119,178.282,290.251
2020-06-04,78.4311,175.918,289.466
2020-06-05,80.6663,180.042,296.894
2020-06-08,81.1433,181.165,300.493
2020-06-09,83.7045,182.552,298.244
2020-06-10,85.8578,189.32,296.568
2020-06-11,81.7375,179.133,279.485
2020-06-12,82.4423,180.559,282.822
2020-06-15,83.4621,181.722,285.467
2020-06-16,85.6736,186.175,290.95
2020-06-17,85.5543,186.813,289.753
2020-06-18,85.5888,188.821,289.868
2020-06-19,85.099,187.679,288.212
2020-06-22,87.3263,192.906,290.068
2020-06-23,89.1908,194.195,291.391
2020-06-24,87.6142,190.276,283.962
2020-06-25,88.7767,192.681,287.004
2020-06-26,86.052,188.831,280.181
2020-06-29,88.0347,190.853,284.307
2020-06-30,88.7671,195.719,287.954
2020-07-01,88.5995,196.871,289.974
2020-07-02,88.5995,198.375,291.562
2020-07-06,90.9707,202.644,296.072
2020-07-07,90.6897,200.289,293.019
2020-07-08,92.7998,204.702,295.247
2020-07-09,93.1329,206.112,293.562
2020-07-10,93.3623,205.486,296.558
2020-07-13,92.9316,199.166,293.994
2020-07-14,94.47,200.386,297.82
2020-07-15,95.1214,200.086,300.559
2020-07-16,93.9496,196.108,299.544
2020-07-17,93.7605,195.132,300.435
2020-07-20,95.7354,203.524,302.855
2020-07-21,94.4141,200.758,303.507
2020-07-22,94.679,203.669,305.231
2020-07-23,90.3693,194.801,301.572
2020-07-24,90.1456,193.606,299.631
2020-07-27,92.2833,196.04,301.821
2020-07-28,90.7665,194.303,299.907
2020-07-29,92.509,196.247,303.612
2020-07-30,93.6276,196.089,302.52
2020-07-31,103.436,197.173,304.904
2020-08-03,106.029,208.259,307.02
2020-08-04,106.74,205.135,308.206
2020-08-05,107.124,204.811,310.121
2020-08-06,110.868,208.093,312.217
2020-08-07,108.337,204.363,312.437
2020-08-10,109.931,200.289,313.355
2020-08-11,106.662,195.601,310.761
2020-08-12,110.209,201.189,315.098
2020-08-13,112.139,200.729,314.551
2020-08-14,112.043,200.905,314.561
2020-08-17,111.756,202.233,315.537
2020-08-18,112.673,203.415,316.226
2020-08-19,112.82,202.166,314.904
2020-08-20,115.332,206.871,315.882
2020-08-21,121.265,205.368,317.012
2020-08-24,122.725,206.004,320.227
2020-08-25,121.709,208.688,321.347
2020-08-26,123.374,213.202,324.554
2020-08-27,121.886,218.445,325.271
2020-08-28,121.699,220.703,327.377
2020-08-31,125.829,217.421,326.189
2020-09-01,130.834,219.121,329.264
2020-09-02,128.115,223.342,334.01
2020-09-03,117.866,209.502,322.524
2020-09-04,117.944,206.551,319.892
2020-09-08,110.019,195.395,311.154
2020-09-09,114.405,203.716,317.299
2020-09-10,110.67,197.995,311.796
2020-09-11,109.213,196.696,311.957
2020-09-14,112.486,198.034,316.057
2020-09-15,112.653,201.267,317.663
2020-09-16,109.341,197.681,316.391
2020-09-17,107.597,195.621,313.605
2020-09-18,104.185,193.198,309.996
2020-09-21,107.34,195.279,306.56
2020-09-22,109.028,199.967,309.671
2020-09-23,104.444,193.395,302.493
2020-09-24,105.517,195.884,303.307
2020-09-25,109.489,200.357,308.196
2020-09-28,112.091,201.91,313.317
2020-09-29,111.243,199.811,311.622
2020-09-30,112.918,202.781,313.977
2020-10-01,113.885,204.841,315.988
2020-10-02,110.219,198.794,312.984
2020-10-05,113.597,202.828,318.545
2020-10-06,110.358,198.522,314.017
2020-10-07,112.208,202.293,319.472
2020-10-08,112.101,203.023,322.303
2020-10-09,114.063,208.075,325.186
2020-10-12,121.294,213.448,330.419
2020-10-13,118.082,214.873,328.258
2020-10-14,118.171,212.917,326.199
2020-10-15,117.707,211.776,325.808
2020-10-16,116.061,211.776,325.607
2020-10-19,113.086,206.522,320.659
2020-10-20,114.584,206.94,321.933
2020-10-21,113.964,207.087,321.329
2020-10-22,112.859,207.176,323.098
2020-10-23,112.168,208.466,324.181
2020-10-26,112.178,202.536,318.198
2020-10-27,113.696,205.584,317.096
2020-10-28,108.425,195.415,306.263
2020-10-29,112.446,197.37,309.384
2020-10-30,106.149,195.211,306.149
2020-11-02,106.059,195.075,309.586
2020-11-03,107.695,199.032,315.042
2020-11-04,112.081,208.61,322.074
2020-11-05,116.061,215.282,328.363
2020-11-06,115.933,215.701,328.287
2020-11-09,113.616,210.544,332.43
2020-11-10,113.274,203.445,331.935
2020-11-11,116.722,208.767,334.392
2020-11-12,116.449,207.714,331.147
2020-11-13,116.497,208.727,335.743
2020-11-16,117.512,209.433,339.916
2020-11-17,116.623,206.757,338.105
2020-11-18,115.283,204.034,334.019
2020-11-19,115.884,205.33,335.447
2020-11-20,114.614,203.376,333.15
2020-11-23,111.205,203.102,335.14
2020-11-24,112.486,206.717,340.539
2020-11-25,113.333,206.727,340.001
2020-11-27,113.885,208.055,340.969
2020-11-30,116.29,206.921,339.437
2020-12-01,119.866,208.993,343.16
2020-12-02,120.222,208.182,343.888
2020-12-03,120.084,207.087,343.792
2020-12-04,119.413,207.205,346.759
2020-12-07,120.882,207.136,346.031
2020-12-08,121.483,208.797,347.055
2020-12-09,118.949,204.732,343.945
2020-12-10,120.378,203.504,343.83
2020-12-11,119.571,206.131,343.427
2020-12-14,118.949,207.048,341.897
2020-12-15,124.901,206.98,346.512
2020-12-16,124.834,211.962,347.055
2020-12-17,125.711,212.097,348.988
2020-12-18,123.729,211.286,347.6
2020-12-21,125.248,215.164,346.356
2020-12-22,128.815,216.463,345.763
2020-12-23,127.908,213.641,346.08
2020-12-24,128.904,215.322,347.439
2020-12-28,133.525,217.441,350.414
2020-12-29,131.732,216.65,349.754
2020-12-30,130.618,214.286,350.243
2020-12-31,129.613,215.0,352.023
2021-01-04,126.41,210.429,347.236
2021-01-05,127.957,210.623,349.63
2021-01-06,123.67,205.161,351.715
2021-01-07,127.869,210.996,356.943
2021-01-08,128.982,212.294,358.97
2021-01-11,125.987,210.232,356.561
2021-01-12,125.809,207.762,356.635
2021-01-13,127.839,209.119,357.592
2021-01-14,125.919,205.896,356.34
2021-01-15,124.182,205.545,353.745
2021-01-19,124.852,209.216,356.522
2021-01-20,128.962,216.835,361.441
2021-01-21,133.704,217.451,361.775
2021-01-22,135.831,218.407,360.502
2021-01-25,139.606,221.855,361.92
2021-01-26,139.843,224.58,361.354
2021-01-27,138.757,225.116,352.531
2021-01-28,133.92,230.959,355.565
2021-01-29,128.894,224.23,348.434
2021-02-01,131.023,231.653,354.233
2021-02-02,131.851,231.516,359.249
2021-02-03,130.824,234.887,359.536
2021-02-04,134.204,233.92,363.624
2021-02-05,133.792,234.104,365.046
2021-02-08,133.938,234.369,367.681
2021-02-09,133.053,235.636,367.433
2021-02-10,132.441,234.71,367.267
2021-02-11,132.186,236.332,367.872
2021-02-12,132.421,236.821,369.69
2021-02-16,130.293,235.569,369.365
2021-02-17,127.987,236.594,369.453
2021-02-18,126.891,236.203,367.881
2021-02-19,127.051,233.46,367.223
2021-02-22,123.265,227.197,364.396
2021-02-23,123.128,226.008,364.847
2021-02-24,122.625,227.236,368.878
2021-02-25,118.348,221.845,359.985
2021-02-26,118.616,225.136,358.13
2021-03-01,125.001,229.551,366.809
2021-03-02,122.399,226.575,363.948
2021-03-03,119.404,220.478,359.125
2021-03-04,117.522,219.666,354.683
2021-03-05,118.772,224.386,361.202
2021-03-08,113.825,220.312,359.414
2021-03-09,118.448,226.486,364.533
2021-03-10,117.383,225.176,366.809
2021-03-11,119.307,229.738,370.524
2021-03-12,118.388,228.41,371.031
2021-03-15,121.285,227.492,373.233
2021-03-16,122.844,230.305,372.774
2021-03-17,122.045,229.649,374.045
2021-03-18,117.905,223.535,368.599
2021-03-19,117.383,223.174,367.92
2021-03-22,120.704,228.642,370.859
2021-03-23,119.866,230.176,367.938
2021-03-24,117.482,228.126,366.063
2021-03-25,117.964,225.096,368.131
2021-03-26,118.566,229.112,374.055
2021-03-29,118.742,227.911,373.874
2021-03-30,117.304,224.63,372.879
2021-03-31,119.491,228.43,374.391
2021-04-01,120.319,234.797,378.428
2021-04-05,123.167,241.322,383.856
2021-04-06,123.474,240.139,383.637
2021-04-07,125.109,242.114,384.077
2021-04-08,127.525,245.366,385.895
2021-04-09,130.106,247.876,388.699
2021-04-12,128.381,247.935,388.843
2021-04-13,131.494,250.436,390.002
2021-04-14,129.159,247.632,388.66
2021-04-15,131.563,251.423,392.843
2021-04-16,131.239,252.621,394.164
2021-04-19,131.9,250.679,392.221
2021-04-20,130.214,250.221,389.349
2021-04-21,130.599,252.468,393.034
2021-04-22,129.07,249.155,389.447
2021-04-23,131.388,253.013,393.665
2021-04-26,131.782,253.395,394.491
2021-04-27,131.455,253.805,394.403
2021-04-28,130.676,246.626,394.287
2021-04-29,130.579,244.643,396.805
2021-04-30,128.599,244.322,394.202
2021-05-03,129.662,244.007,395.045
2021-05-04,125.06,240.071,392.612
2021-05-05,125.307,238.784,392.728
2021-05-06,126.921,241.948,395.867
2021-05-07,127.591,244.593,398.748
2021-05-10,124.301,239.476,394.797
2021-05-11,123.384,238.547,391.283
2021-05-12,120.3,231.556,382.957
2021-05-13,122.457,235.464,387.569
2021-05-14,124.881,240.423,393.513
2021-05-17,123.739,237.543,392.519
2021-05-18,122.34,235.511,389.131
2021-05-19,122.183,236.096,388.115
2021-05-20,124.745,239.35,392.287
2021-05-21,122.912,238.078,391.963
2021-05-24,124.549,243.52,395.962
2021-05-25,124.351,244.437,395.083
2021-05-26,124.301,244.214,395.867
2021-05-27,122.765,242.105,396.08
2021-05-28,122.104,242.455,396.787
2021-06-01,121.779,240.248,396.433
2021-06-02,122.547,240.149,397.065
2021-06-03,121.06,238.596,395.591
2021-06-04,123.364,243.529,399.2
2021-06-07,123.374,246.481,398.814
2021-06-08,124.192,245.268,398.893
2021-06-09,124.577,246.264,398.309
2021-06-10,123.583,249.801,400.156
2021-06-11,124.785,250.436,400.826
2021-06-14,127.849,252.38,401.705
2021-06-15,127.041,250.894,400.979
2021-06-16,127.533,249.936,398.738
2021-06-17,129.139,253.346,398.605
2021-06-18,127.829,251.931,393.233
2021-06-21,129.643,255.034,398.863
2021-06-22,131.289,257.829,400.998
2021-06-23,131.013,257.604,400.519
2021-06-24,130.736,258.97,402.883
2021-06-25,130.441,257.36,404.308
2021-06-28,132.067,260.955,405.122
2021-06-29,133.595,263.553,405.342
2021-06-30,134.214,263.064,405.687
2021-07-01,134.512,263.739,407.927
2021-07-02,137.151,269.62,411.047
2021-07-06,139.164,269.63,410.301
2021-07-07,141.665,271.835,411.754
2021-07-08,140.364,269.392,408.396
2021-07-09,142.199,269.902,412.761
2021-07-12,141.595,269.294,414.236
2021-07-13,142.72,272.852,412.828
2021-07-14,146.149,274.345,413.432
2021-07-15,145.489,272.901,412.032
2021-07-16,143.45,272.626,408.798
2021-07-19,139.587,269.003,402.76
2021-07-20,143.212,271.249,408.53
2021-07-21,142.482,273.261,411.842
2021-07-22,143.854,277.861,412.702
2021-07-23,145.569,281.291,416.943
2021-07-26,145.992,280.694,417.966
2021-07-27,143.824,278.252,416.073
2021-07-28,142.072,277.941,415.899
2021-07-29,142.72,278.213,417.623
2021-07-30,142.929,276.668,415.592
2021-08-02,142.602,276.582,414.724
2021-08-03,144.396,278.818,418.093
2021-08-04,144.0,278.223,416.043
2021-08-05,144.11,281.143,418.677
2021-08-06,143.42,281.083,419.356
2021-08-09,143.37,279.991,419.029
2021-08-10,142.9,278.154,419.536
2021-08-11,143.143,278.652,420.581
2021-08-12,146.11,281.427,421.853
2021-08-13,146.316,284.385,422.609
2021-08-16,148.307,286.076,423.604
2021-08-17,147.393,284.612,420.829
2021-08-18,143.638,282.863,416.233
2021-08-19,143.97,288.743,416.865
2021-08-20,145.42,296.116,420.187
2021-08-23,146.917,296.4,423.882
2021-08-24,146.83,294.438,424.56
2021-08-25,145.588,293.841,425.442
2021-08-26,144.78,290.988,422.935
2021-08-27,145.826,291.604,426.715
2021-08-30,150.278,295.376,428.59
2021-08-31,149.007,293.714,427.968
2021-09-01,149.676,293.666,428.199
2021-09-02,150.792,293.002,429.501
2021-09-03,151.422,292.993,429.396
2021-09-07,153.769,292.053,427.874
2021-09-08,152.211,292.082,427.347
2021-09-09,151.195,289.212,425.508
2021-09-10,146.189,287.708,422.167
2021-09-13,146.76,288.958,423.23
2021-09-14,145.35,291.674,420.953
2021-09-15,146.247,296.565,424.475
2021-09-16,146.01,296.958,423.796
2021-09-17,143.34,291.75,419.67
2021-09-20,140.276,286.332,412.674
2021-09-21,140.76,286.82,412.292
2021-09-22,143.133,290.501,416.301
2021-09-23,144.1,291.448,421.366
2021-09-24,144.189,291.243,422.065
2021-09-27,142.671,286.203,420.848
2021-09-28,139.26,275.85,412.377
2021-09-29,140.167,276.319,413.067
2021-09-30,138.857,274.296,408.012
2021-10-01,139.991,281.271,412.864
2021-10-04,136.551,275.451,407.535
2021-10-05,138.472,280.951,411.783
2021-10-06,139.349,285.178,413.486
2021-10-07,140.622,286.869,417.067
2021-10-08,140.237,286.869,416.301
2021-10-11,140.147,286.263,413.287
2021-10-12,138.867,284.962,412.283
2021-10-13,138.277,288.292,413.756
2021-10-14,141.083,294.564,420.714
2021-10-15,142.15,295.97,423.92
2021-10-18,143.824,298.981,425.184
2021-10-19,145.982,299.897,428.467
2021-10-20,146.476,299.095,430.14
2021-10-21,146.692,302.35,431.27
2021-10-22,145.914,300.795,430.82
2021-10-25,145.864,299.799,433.125
2021-10-26,146.536,301.714,433.518
2021-10-27,146.07,314.422,431.587
2021-10-28,149.736,315.574,435.76
2021-10-29,147.006,322.644,436.649
2021-11-01,146.179,320.458,437.398
2021-11-02,147.225,324.11,439.168
2021-11-03,148.675,324.961,441.847
2021-11-04,148.149,327.343,443.924
2021-11-05,148.684,326.972,445.463
2021-11-08,147.854,327.871,445.848
2021-11-09,148.218,326.865,444.374
2021-11-10,145.37,321.854,440.802
2021-11-11,145.32,323.439,440.938
2021-11-12,147.412,327.617,444.268
2021-11-15,147.421,326.982,444.422
2021-11-16,148.407,330.322,446.182
2021-11-17,150.852,330.548,445.091
2021-11-18,155.158,332.646,446.613
2021-11-19,157.789,334.433,445.809
2021-11-22,158.251,331.24,444.554
2021-11-23,158.627,329.141,445.138
2021-11-24,159.149,329.366,446.338
2021-11-26,154.111,321.347,436.382
2021-11-29,157.493,328.124,441.733
2021-11-30,162.459,322.235,433.135
2021-12-01,161.937,321.736,428.331
2021-12-02,160.942,321.161,434.88
2021-12-03,159.051,314.841,431.109
2021-12-06,162.479,317.948,436.208
2021-12-07,168.235,326.454,445.224
2021-12-08,172.068,326.503,446.409
2021-12-09,171.557,324.678,443.4
2021-12-10,176.365,333.878,447.561
2021-12-13,172.72,330.821,443.608
2021-12-14,171.329,320.038,440.553
2021-12-15,176.216,326.191,447.435
2021-12-16,169.302,316.688,443.492
2021-12-17,168.195,315.613,438.773
2021-12-20,166.825,311.822,434.113
2021-12-21,170.021,319.011,441.818
2021-12-22,172.62,324.774,446.24
2021-12-23,173.25,326.231,449.015
2021-12-27,177.234,333.79,455.37
2021-12-28,176.206,332.626,454.998
2021-12-29,176.295,333.302,455.58
2021-12-30,175.133,330.743,454.318
2021-12-31,174.514,327.822,453.169
2022-01-03,178.878,326.288,455.803
2022-01-04,176.613,320.692,455.647
2022-01-05,171.912,308.386,446.9
2022-01-06,169.042,305.942,446.478
2022-01-07,169.212,306.1,444.71
2022-01-10,169.232,306.324,444.154
2022-01-11,172.068,307.018,448.201
2022-01-12,172.511,310.221,449.417
2022-01-13,169.232,297.093,443.224
2022-01-14,170.101,302.36,443.409
2022-01-18,166.875,295.004,435.551
2022-01-19,163.376,295.657,431.032
2022-01-20,161.681,293.979,426.255
2022-01-21,159.611,288.547,417.89
2022-01-24,158.831,288.88,419.661
2022-01-25,157.039,281.193,414.54
2022-01-26,156.951,289.212,413.495
2022-01-27,156.488,292.26,411.456
2022-01-28,167.396,300.464,421.681
2022-01-31,171.772,303.12,429.269
2022-02-01,171.605,300.952,432.169
2022-02-02,172.818,305.532,436.372
2022-02-03,169.931,293.636,426.112
2022-02-04,169.642,298.207,428.122
2022-02-07,168.923,293.342,426.744
2022-02-08,172.039,296.861,430.257
2022-02-09,173.468,303.346,436.553
2022-02-10,169.38,294.74,428.706
2022-02-11,165.947,287.58,420.255
2022-02-14,166.185,287.54,418.886
2022-02-15,170.041,292.873,425.633
2022-02-16,169.801,292.532,426.112
2022-02-17,166.185,283.967,417.01
2022-02-18,164.628,281.232,414.309
2022-02-22,161.701,281.023,409.87
2022-02-23,157.523,273.751,402.595
2022-02-24,160.145,287.736,408.654
2022-02-25,162.224,290.394,417.671
2022-02-28,162.489,291.84,416.598
2022-03-01,160.596,288.088,410.253
2022-03-02,163.908,293.205,417.805
2022-03-03,163.582,289.035,415.728
2022-03-04,160.567,283.116,412.349
2022-03-07,156.763,272.423,400.194
2022-03-08,154.93,269.432,397.161
2022-03-09,160.35,281.789,407.804
2022-03-10,155.993,278.946,405.965
2022-03-11,152.26,273.553,400.806
2022-03-14,148.218,270.01,397.866
2022-03-15,152.614,280.47,406.626
2022-03-16,157.049,287.54,415.64
2022-03-17,158.055,288.352,420.839
2022-03-18,161.366,293.441,425.452
2022-03-21,162.746,292.2,425.327
2022-03-22,166.125,296.986,430.307
2022-03-23,167.496,292.522,424.764
2022-03-24,171.29,297.025,431.165
2022-03-25,171.931,296.613,433.271
2022-03-28,172.799,303.472,436.353
2022-03-29,176.107,308.073,441.75
2022-03-30,174.936,306.559,439.022
2022-03-31,171.822,301.136,432.267
2022-04-01,171.527,302.222,433.489
2022-04-04,175.596,307.642,437.204
2022-04-05,172.267,303.647,431.682
2022-04-06,169.092,292.532,427.367
2022-04-07,169.398,294.359,429.518
2022-04-08,167.376,290.061,428.371
2022-04-11,163.109,278.623,421.051
2022-04-12,164.983,275.499,419.488
2022-04-13,167.683,280.931,424.293
2022-04-14,162.656,273.321,419.009
2022-04-18,162.439,273.993,419.181
2022-04-19,164.728,278.662,425.95
2022-04-20,164.558,279.699,425.633
2022-04-21,163.77,274.276,419.268
2022-04-22,159.207,267.654,407.764
2022-04-25,160.282,274.191,410.128
2022-04-26,154.299,263.933,398.251
2022-04-27,154.071,276.631,399.37
2022-04-28,161.032,282.893,409.458
2022-04-29,155.138,271.065,394.327
2022-05-02,155.443,277.852,396.7
2022-05-03,156.941,275.225,398.519
2022-05-04,163.376,283.234,410.656
2022-05-05,154.27,270.899,396.06
2022-05-06,155.0,268.338,393.693
2022-05-09,149.855,258.425,381.091
2022-05-10,152.27,263.23,381.97
2022-05-11,144.378,254.489,375.902
2022-05-12,140.493,249.41,375.509
2022-05-13,144.978,255.043,384.488
2022-05-16,143.43,255.416,382.927
2022-05-17,147.075,260.611,390.804
2022-05-18,138.777,248.746,375.05
2022-05-19,135.358,247.826,372.754
2022-05-20,135.595,247.258,372.918
2022-05-23,141.033,255.179,379.894
2022-05-24,138.327,254.171,376.993
2022-05-25,138.482,257.011,380.322
2022-05-26,141.694,260.32,387.923
2022-05-27,147.471,267.506,397.446
2022-05-31,146.682,266.163,395.216
2022-06-01,146.556,266.702,392.019
2022-06-02,149.016,268.815,399.487
2022-06-03,143.271,264.352,392.93
2022-06-06,144.02,263.11,394.125
2022-06-07,146.556,266.781,397.905
2022-06-08,145.816,264.736,393.581
2022-06-09,140.572,259.233,384.219
2022-06-10,135.141,247.681,373.079
2022-06-13,129.968,237.176,358.916
2022-06-14,130.834,239.359,357.832
2022-06-15,133.465,246.477,362.934
2022-06-16,128.175,239.829,350.923
2022-06-17,129.653,242.452,351.681
2022-06-21,133.901,248.414,360.535
2022-06-22,133.386,247.816,359.881
2022-06-23,136.265,253.427,363.408
2022-06-24,139.606,262.08,374.963
2022-06-27,139.606,259.33,373.53
2022-06-28,135.447,251.097,365.898
2022-06-29,137.211,254.797,365.6
2022-06-30,134.738,251.44,362.629
2022-07-01,136.915,254.131,366.465
2022-07-05,139.507,257.333,367.158
2022-07-06,140.847,260.621,368.397
2022-07-07,144.229,262.765,373.916
2022-07-08,144.909,262.042,373.606
2022-07-11,142.77,258.957,369.338
2022-07-12,143.744,248.345,366.071
2022-07-13,143.38,247.416,364.148
2022-07-14,146.316,248.746,363.264
2022-07-15,147.994,251.332,370.204
2022-07-18,144.938,248.913,367.149
2022-07-19,148.81,254.081,377.067
2022-07-20,150.822,256.765,379.472
2022-07-21,153.098,259.283,383.335
2022-07-22,151.855,254.896,379.779
2022-07-25,150.733,253.398,380.242
2022-07-26,149.403,246.613,375.741
2022-07-27,154.518,263.1,385.498
2022-07-28,155.069,270.61,390.333
2022-07-29,160.155,274.848,396.023
2022-08-01,159.168,272.173,394.851
2022-08-02,157.69,269.052,392.246
2022-08-03,163.722,276.542,398.389
2022-08-04,163.406,277.696,398.117
2022-08-05,163.179,276.974,397.445
2022-08-08,162.705,274.436,396.985
2022-08-09,162.755,276.375,395.407
2022-08-10,167.018,283.091,403.713
2022-08-11,166.279,280.995,403.713
2022-08-12,169.84,285.784,410.547
2022-08-15,170.916,287.31,412.239
2022-08-16,170.759,286.565,413.047
2022-08-17,172.259,285.811,410.115
2022-08-18,171.864,284.684,411.309
2022-08-19,169.27,280.739,405.782
2022-08-22,165.369,272.498,397.331
2022-08-23,165.034,271.211,396.37
2022-08-24,165.33,270.575,397.638
2022-08-25,167.798,273.576,403.252
2022-08-26,161.471,263.021,389.602
2022-08-29,159.261,260.215,387.027
2022-08-30,156.824,257.997,382.778
2022-08-31,155.156,256.527,379.865
2022-09-01,155.886,255.476,381.057
2022-09-02,153.765,251.216,377.037
2022-09-06,152.5,248.461,375.615
2022-09-07,153.913,253.21,382.366
2022-09-08,152.432,253.63,384.864
2022-09-09,155.303,259.458,390.843
2022-09-12,161.284,261.608,395.044
2022-09-13,151.819,247.224,377.866
2022-09-14,153.27,247.451,379.308
2022-09-15,150.369,240.739,375.001
2022-09-16,148.721,240.11,372.145
2022-09-19,152.452,239.896,375.031
2022-09-20,154.838,237.866,370.726
2022-09-21,151.702,234.433,364.261
2022-09-22,150.735,236.424,361.199
2022-09-23,148.455,233.42,355.146
2022-09-26,148.79,232.96,351.635
2022-09-27,149.767,231.94,350.736
2022-09-28,147.872,236.511,357.637
2022-09-29,140.61,233.01,350.166
2022-09-30,136.385,228.496,344.75
2022-10-03,140.58,236.186,353.855
2022-10-04,144.182,244.174,364.818
2022-10-05,144.477,244.486,363.97
2022-10-06,143.522,242.123,360.214
2022-10-07,138.252,229.811,350.166
2022-10-10,138.575,224.916,347.493
2022-10-11,137.154,221.148,345.293
2022-10-12,136.524,221.482,344.152
2022-10-13,141.112,229.811,353.238
2022-10-14,136.563,224.238,345.186
2022-10-17,140.54,233.038,354.056
2022-10-18,141.862,233.991,358.217
2022-10-19,141.972,232.009,355.677
2022-10-20,141.508,231.685,352.695
2022-10-21,145.335,237.542,361.266
2022-10-24,147.488,242.575,365.686
2022-10-25,150.339,245.921,371.526
2022-10-26,147.39,226.946,368.727
2022-10-27,142.901,222.462,366.758
2022-10-28,153.696,231.409,375.484
2022-10-31,151.326,227.74,372.772
2022-11-01,148.674,223.857,371.141
2022-11-02,143.125,215.936,361.827
2022-11-03,137.056,210.197,358.1
2022-11-04,136.79,217.204,363.255
2022-11-07,137.323,223.561,366.728
2022-11-08,137.895,224.541,368.707
2022-11-09,133.319,220.264,361.113
2022-11-10,145.182,238.385,380.954
2022-11-11,147.98,242.437,384.644
2022-11-14,146.577,236.981,381.371
2022-11-15,148.315,237.395,384.624
2022-11-16,147.079,237.827,381.69
2022-11-17,148.987,237.778,380.525
2022-11-18,149.551,237.325,382.249
2022-11-21,146.308,238.141,380.862
2022-11-22,148.454,241.075,385.985
2022-11-23,149.336,243.581,388.417
2022-11-25,146.408,243.494,388.33
2022-11-28,142.562,237.857,382.135
2022-11-29,139.547,236.45,381.479
2022-11-30,146.328,251.022,393.496
2022-12-01,146.606,250.577,393.204
2022-12-02,146.111,250.903,392.751
2022-12-05,144.945,246.16,385.685
2022-12-06,141.268,241.163,380.125
2022-12-07,139.319,240.424,379.48
2022-12-08,141.01,243.405,382.453
2022-12-09,140.526,241.458,379.595
2022-12-12,142.831,248.433,385.068
2022-12-13,143.797,252.771,387.983
2022-12-14,141.563,253.066,385.503
2022-12-15,134.93,244.989,376.073
2022-12-16,132.965,240.739,371.634
2022-12-19,130.848,236.567,368.482
2022-12-20,130.779,237.897,368.985
2022-12-21,133.895,240.484,374.502
2022-12-22,130.709,234.345,369.16
2022-12-23,130.345,234.877,371.284
2022-12-27,128.536,233.133,369.821
2022-12-28,124.591,230.743,365.225
2022-12-29,128.12,237.119,371.798
2022-12-30,128.437,235.949,370.819
2023-01-03,123.633,235.711,369.257
2023-01-04,124.907,225.402,372.108
2023-01-05,123.584,218.721,367.861
2023-01-06,128.13,221.297,376.297
2023-01-09,128.654,223.452,376.084
2023-01-10,129.228,225.154,378.721
2023-01-11,131.956,231.964,383.51
2023-01-12,131.878,234.658,384.907
2023-01-13,133.211,235.367,386.401
2023-01-17,134.378,236.47,385.691
2023-01-18,133.657,232.004,379.603
2023-01-19,133.716,228.185,376.84
2023-01-20,136.286,236.341,383.86
2023-01-23,139.487,238.663,388.467
2023-01-24,140.891,238.131,388.048
2023-01-25,140.229,236.724,388.196
2023-01-26,142.305,243.994,392.46
2023-01-27,144.254,244.153,393.362
2023-01-30,141.358,238.793,388.427
2023-01-31,142.632,243.81,394.139
2023-02-01,143.757,248.671,398.328
2023-02-02,149.086,260.329,404.125
2023-02-03,152.724,254.179,399.83
2023-02-06,149.987,252.623,397.388
2023-02-07,152.873,263.24,402.583
2023-02-08,150.174,262.424,398.182
2023-02-09,149.136,259.364,394.73
2023-02-10,149.503,258.854,395.649
2023-02-13,152.314,266.94,400.295
2023-02-14,151.671,267.775,400.111
2023-02-15,153.78,265.635,401.411
2023-02-16,152.175,258.562,395.883
2023-02-17,151.027,254.53,394.892
2023-02-21,146.997,249.213,386.972
2023-02-22,147.423,248.069,386.438
2023-02-23,147.908,251.284,388.496
2023-02-24,145.244,245.81,384.345
2023-02-27,146.444,246.736,385.654
2023-02-28,145.938,246.009,384.227
2023-03-01,143.859,242.9,382.754
2023-03-02,144.453,247.675,385.731
2023-03-03,149.523,251.797,391.919
2023-03-06,152.295,253.355,392.19
2023-03-07,150.088,250.672,386.177
2023-03-08,151.343,250.229,386.808
2023-03-09,149.086,248.868,379.671
2023-03-10,147.017,245.189,374.194
2023-03-13,148.967,250.447,373.659
2023-03-14,151.067,257.221,379.835
2023-03-15,151.462,261.808,377.46
2023-03-16,154.294,272.422,384.084
2023-03-17,153.452,275.605,379.592
2023-03-20,155.828,268.506,383.241
2023-03-21,157.69,270.034,388.275
2023-03-22,156.254,268.565,381.656
2023-03-23,157.342,273.861,382.688
2023-03-24,158.651,276.731,385.199
2023-03-27,156.699,272.598,385.918
2023-03-28,156.076,271.465,385.052
2023-03-29,159.164,276.671,390.649
2023-03-30,160.739,280.163,392.937
2023-03-31,163.255,284.355,398.475
2023-04-03,164.51,283.299,399.993
2023-04-04,163.977,283.251,397.775
2023-04-05,162.124,280.451,396.733
2023-04-06,163.016,287.61,398.281
2023-04-10,160.412,285.431,398.69
2023-04-11,159.194,278.961,398.795
2023-04-12,158.501,279.611,397.172
2023-04-13,163.907,285.874,402.446
2023-04-14,163.56,282.225,401.463
2023-04-17,163.579,284.849,402.903
2023-04-18,164.809,284.424,403.166
2023-04-19,165.955,284.504,403.1
2023-04-20,164.986,282.195,400.898
2023-04-21,163.372,281.852,401.209
2023-04-24,163.679,277.915,401.629
2023-04-25,162.134,271.651,395.253
2023-04-26,162.124,291.329,393.579
2023-04-27,166.728,300.659,401.415
2023-04-28,167.985,303.055,404.841
2023-05-01,167.897,301.38,404.432
2023-05-02,166.857,301.232,399.886
2023-05-03,165.777,300.235,397.142
2023-05-04,164.136,301.232,394.328
2023-05-05,171.837,306.399,401.629
2023-05-08,171.767,304.427,401.735
2023-05-09,170.057,302.8,399.975
2023-05-10,171.822,308.037,401.844
2023-05-11,172.015,305.868,401.143
2023-05-12,171.084,304.743,400.615
2023-05-15,170.587,305.226,401.998
2023-05-16,170.587,307.475,399.312
2023-05-17,171.202,310.381,404.16
2023-05-18,173.543,314.848,408.053
2023-05-19,173.652,314.671,407.46
2023-05-22,172.7,317.479,407.623
2023-05-23,170.084,311.626,403.05
2023-05-24,170.359,310.233,400.13
2023-05-25,171.5,322.163,403.595
2023-05-26,173.917,329.053,408.822
2023-05-30,175.773,327.393,408.977
2023-05-31,175.723,324.604,406.709
2023-06-01,178.538,328.747,410.574
2023-06-02,179.391,331.533,416.51
2023-06-05,178.033,332.067,415.713
2023-06-06,177.666,329.835,416.618
2023-06-07,176.288,319.653,415.178
2023-06-08,179.013,321.511,417.689
2023-06-09,179.401,323.023,418.438
2023-06-12,182.207,328.025,422.234
2023-06-13,181.731,330.438,425.019
2023-06-14,182.364,333.452,425.524
2023-06-15,184.408,344.088,430.801
2023-06-16,183.327,338.385,429.333
2023-06-20,183.416,334.155,427.106
2023-06-21,182.374,329.716,424.917
2023-06-22,185.389,335.795,426.451
2023-06-23,185.072,331.158,423.227
2023-06-26,183.675,324.813,421.496
2023-06-27,186.44,330.714,426.119
2023-06-28,187.619,331.978,426.334
2023-06-29,187.956,331.188,428.013
2023-06-30,192.298,336.616,433.065
2023-07-03,190.801,334.095,433.563
2023-07-05,189.682,334.253,432.918
2023-07-06,190.157,337.337,429.527
2023-07-07,189.038,333.333,428.444
2023-07-10,186.985,328.005,429.527
2023-07-11,186.46,328.638,432.264
2023-07-12,188.136,333.314,435.741
2023-07-13,188.899,338.71,439.201
2023-07-14,189.048,341.261,438.927
2023-07-17,192.318,341.745,440.45
2023-07-18,192.061,355.346,443.723
2023-07-19,193.42,350.987,444.711
2023-07-20,191.466,342.872,441.758
2023-07-21,190.286,339.808,441.758
2023-07-24,191.09,341.132,443.733
2023-07-25,191.953,346.935,444.944
2023-07-26,192.825,333.876,445.014
2023-07-27,191.554,326.909,442.062
2023-07-28,194.144,334.47,446.389
2023-07-31,194.757,332.048,447.241
2023-08-01,193.919,332.464,445.961
2023-08-02,190.921,323.725,439.757
2023-08-03,189.523,322.896,438.496
2023-08-04,180.423,324.0,436.513
2023-08-07,177.31,326.306,440.324
2023-08-08,178.251,322.292,438.408
2023-08-09,176.656,318.516,435.477
2023-08-10,176.437,319.208,435.634
2023-08-11,176.497,317.31,435.38
2023-08-14,178.155,320.305,437.783
2023-08-15,176.159,318.149,432.685
2023-08-16,175.285,317.378,429.509
2023-08-17,172.735,313.891,426.235
2023-08-18,173.22,313.494,426.442
2023-08-21,174.561,318.844,429.215
2023-08-22,175.941,319.419,428.053
2023-08-23,179.801,323.917,432.819
2023-08-24,175.097,316.953,426.821
2023-08-25,177.311,319.934,429.831
2023-08-28,178.879,320.646,432.556
2023-08-29,182.781,325.312,438.809
2023-08-30,186.284,325.688,440.617
2023-08-31,186.504,324.668,439.972
2023-09-01,188.082,325.56,440.791
2023-09-05,188.321,330.404,438.888
2023-09-06,181.578,329.74,435.936
2023-09-07,176.268,326.798,434.599
2023-09-08,176.884,331.116,435.254
2023-09-11,178.055,334.751,438.115
2023-09-12,175.018,328.64,435.711
2023-09-13,172.943,332.89,436.219
2023-09-14,174.462,335.505,439.982
2023-09-15,173.737,327.105,434.681
2023-09-18,176.675,325.956,434.937
2023-09-19,177.767,325.55,434.033
2023-09-20,174.213,317.744,430.044
2023-09-21,172.665,316.515,422.936
2023-09-22,173.519,314.019,421.985
2023-09-25,174.798,314.544,423.76
2023-09-26,170.709,309.196,417.532
2023-09-27,169.191,309.839,417.701
2023-09-28,169.447,310.681,420.122
2023-09-29,169.965,312.771,419.103
2023-10-02,172.485,318.764,418.935
2023-10-03,171.145,310.434,413.327
2023-10-04,172.396,315.946,416.337
2023-10-05,173.638,316.348,416.181
2023-10-06,176.198,324.173,421.122
2023-10-09,177.687,326.708,423.817
2023-10-10,177.092,325.293,426.024
2023-10-11,178.491,329.285,427.769
2023-10-12,179.395,328.036,425.16
2023-10-13,177.548,324.638,423.043
2023-10-16,177.421,329.501,427.494
2023-10-17,175.862,328.927,427.474
2023-10-18,174.561,326.995,421.778
2023-10-19,174.183,328.195,418.073
2023-10-20,171.622,323.588,412.935
2023-10-23,171.741,326.213,412.22
2023-10-24,172.178,327.412,415.326
2023-10-25,169.855,337.457,409.367
2023-10-26,165.677,324.797,404.465
2023-10-27,166.996,326.698,402.631
2023-10-30,169.051,334.129,407.446
2023-10-31,169.527,334.921,410.004
2023-11-01,172.705,342.806,414.376
2023-11-02,176.278,345.033,422.319
2023-11-03,175.365,349.471,426.171
2023-11-06,177.926,353.167,427.151
2023-11-07,180.498,357.129,428.367
2023-11-08,181.558,359.774,428.68
2023-11-09,181.084,357.288,425.337
2023-11-10,185.287,366.183,431.975
2023-11-13,183.697,363.221,431.562
2023-11-14,186.321,366.778,439.935
2023-11-15,186.888,366.927,440.866
2023-11-16,188.577,373.379,441.406
2023-11-17,188.557,367.104,441.955
2023-11-20,190.307,374.638,445.359
2023-11-21,189.502,370.301,444.388
2023-11-22,190.168,375.046,446.101
2023-11-24,188.836,374.628,446.376
2023-11-27,188.657,375.8,445.573
2023-11-28,189.263,379.86,446.015
2023-11-29,188.241,376.038,445.701
2023-11-30,188.816,376.098,447.455
2023-12-01,190.098,371.731,450.102
2023-12-04,188.301,366.401,447.739
2023-12-05,192.266,369.755,447.651
2023-12-06,191.172,366.062,445.847
2023-12-07,193.11,368.196,449.25
2023-12-08,194.542,371.451,451.181
2023-12-11,192.027,368.544,452.935
2023-12-12,193.548,371.601,455.004
2023-12-13,196.779,371.591,461.279
2023-12-14,196.928,363.214,462.759
2023-12-15,196.391,367.978,461.997
2023-12-18,194.721,369.884,464.596
2023-12-19,195.765,370.489,467.421
2023-12-20,193.667,367.87,460.945
2023-12-21,193.519,370.768,465.316
2023-12-22,192.444,371.801,466.25
2023-12-26,191.898,371.879,468.219
2023-12-27,191.998,371.294,469.064
2023-12-28,192.424,372.494,469.243
2023-12-29,191.382,373.249,467.884
2024-01-02,184.532,368.116,465.266
2024-01-03,183.151,367.85,461.466
2024-01-04,180.824,365.209,459.98
2024-01-05,180.099,365.02,460.61
2024-01-08,184.453,371.909,467.185
2024-01-09,184.036,373.0,466.476
2024-01-10,185.079,379.929,469.114
2024-01-11,184.482,381.776,468.908
2024-01-12,184.81,385.587,469.233
2024-01-16,182.534,387.374,467.509
2024-01-17,181.589,386.579,464.911
2024-01-18,187.504,390.946,469.045
2024-01-19,190.417,395.711,474.892
2024-01-22,192.733,393.566,475.897
2024-01-23,194.015,395.939,477.285
2024-01-24,193.339,399.572,477.806
2024-01-25,193.011,401.865,480.404
2024-01-26,191.272,400.931,479.794
2024-01-29,190.586,406.68,483.595
2024-01-30,186.917,405.558,483.221
2024-01-31,183.299,394.628,475.335
2024-02-01,185.745,400.783,481.558
2024-02-02,184.742,408.168,486.627
2024-02-05,186.561,402.639,484.855
2024-02-06,188.171,402.48,486.262
2024-02-07,188.281,410.977,490.317
2024-02-08,187.196,411.037,490.534
2024-02-09,187.962,417.428,493.369
2024-02-12,186.271,412.178,493.153
2024-02-13,184.17,403.305,486.361
2024-02-14,183.284,407.203,490.781
2024-02-15,182.996,404.289,494.167
2024-02-16,181.453,401.803,491.706
2024-02-20,180.706,400.54,488.998
2024-02-21,181.463,399.933,489.442
2024-02-22,183.503,409.351,499.571
2024-02-23,181.662,408.047,499.916
2024-02-26,180.309,405.263,498.085
2024-02-27,181.772,405.203,499.01
2024-02-28,180.567,405.442,498.35
2024-02-29,179.9,411.329,500.142
2024-03-01,178.816,413.179,504.838
2024-03-04,174.277,412.602,504.296
2024-03-05,169.322,400.401,499.256
2024-03-06,168.326,399.844,501.785
2024-03-07,168.206,406.854,506.767
2024-03-08,169.928,403.95,503.725
2024-03-11,171.939,402.261,503.291
2024-03-12,172.415,412.959,508.705
2024-03-13,170.325,412.782,507.91
2024-03-14,172.187,422.844,506.905
2024-03-15,171.809,414.093,503.424
2024-03-18,172.904,414.989,506.416
2024-03-19,175.252,419.055,509.231
2024-03-20,177.83,422.854,513.939
2024-03-21,170.564,426.971,515.639
2024-03-22,171.47,426.345,514.661
2024-03-25,170.048,420.498,513.24
2024-03-26,168.912,419.295,512.291
2024-03-27,172.495,419.075,516.596
2024-03-28,170.674,418.37,516.498
2024-04-01,169.232,422.199,515.599
2024-04-02,168.046,419.085,512.321
2024-04-03,168.852,418.101,512.884
2024-04-04,168.026,415.546,506.623
2024-04-05,168.782,423.143,511.915
2024-04-08,167.659,422.287,512.202
2024-04-09,168.872,423.898,512.795
2024-04-10,166.991,420.896,507.66
2024-04-11,174.217,425.539,511.492
2024-04-12,175.72,419.542,504.431
2024-04-15,171.879,411.329,498.112
2024-04-16,168.584,412.264,497.204
2024-04-17,167.21,409.538,494.261
2024-04-18,166.255,402.011,493.244
2024-04-19,164.156,396.89,488.939
2024-04-22,165.061,398.72,493.441
2024-04-23,166.115,405.293,499.296
2024-04-24,168.226,406.775,499.06
2024-04-25,169.092,396.811,497.164
2024-04-26,168.505,404.049,501.874
2024-04-29,172.685,400.003,503.651
2024-04-30,169.529,387.155,495.672
2024-05-01,168.505,392.734,494.063
2024-05-02,172.217,395.618,498.684
2024-05-03,182.518,404.389,504.866
2024-05-06,180.856,411.229,510.079
2024-05-07,181.542,407.053,510.642
2024-05-08,181.881,408.247,510.691
2024-05-09,183.703,410.017,513.633
2024-05-10,182.436,412.422,514.295
2024-05-13,185.657,411.409,514.365
2024-05-14,186.802,414.233,516.724
2024-05-15,189.085,421.475,523.123
2024-05-16,189.205,419.394,522.047
2024-05-17,189.234,418.616,522.798
2024-05-20,190.4,423.727,523.4
2024-05-21,191.706,427.412,524.683
2024-05-22,190.26,428.887,523.172
2024-05-23,186.254,425.381,519.351
2024-05-24,189.343,428.528,522.788
2024-05-28,189.353,428.688,523.153
2024-05-29,189.652,427.542,519.49
2024-05-30,190.649,413.097,516.042
2024-05-31,191.606,413.555,520.743
2024-06-03,193.38,411.951,521.169
2024-06-04,193.699,414.491,521.751
2024-06-05,195.214,422.402,527.952
2024-06-06,193.829,422.909,527.942
2024-06-07,196.23,422.242,527.3
2024-06-10,192.473,426.247,528.929
2024-06-11,206.457,431.039,530.203
2024-06-12,212.357,439.387,534.557
2024-06-13,213.522,439.905,535.634
2024-06-14,211.778,440.891,535.96
2024-06-17,215.945,446.669,540.226
2024-06-18,213.572,444.647,541.598
2024-06-20,208.978,444.009,540.127
2024-06-21,206.795,448.074,539.403
2024-06-24,207.443,445.972,537.649
2024-06-25,208.369,449.24,539.719
2024-06-26,212.535,450.444,540.393
2024-06-27,213.382,451.132,541.245
2024-06-28,209.914,445.255,539.115
2024-07-01,216.023,454.997,540.225
2024-07-02,219.532,457.538,543.86
2024-07-03,220.808,459.022,546.287
2024-07-05,225.582,465.787,549.438
2024-07-08,227.057,464.471,550.072
2024-07-09,227.914,457.797,550.607
2024-07-10,232.2,464.481,556.055
2024-07-11,226.808,452.975,551.26
2024-07-12,229.767,451.83,554.738
2024-07-15,233.615,452.238,556.263
2024-07-16,234.034,447.815,559.561
2024-07-17,228.113,441.838,551.716
2024-07-18,223.429,438.7,547.476
2024-07-19,223.559,435.452,543.841
2024-07-22,223.21,441.26,549.448
2024-07-23,224.256,443.163,548.586
2024-07-24,217.808,427.273,536.153
2024-07-25,216.762,416.813,533.36
2024-07-26,217.23,423.657,539.334
2024-07-29,217.509,425.111,539.651
2024-07-30,218.067,421.316,536.916
2024-07-31,221.336,416.763,545.643
2024-08-01,217.629,415.528,537.917
2024-08-02,219.124,406.94,527.901
2024-08-05,208.569,393.651,512.527
2024-08-06,206.536,398.094,517.252
2024-08-07,209.117,396.919,513.795
2024-08-08,212.595,401.162,525.673
2024-08-09,215.516,404.48,527.991
2024-08-12,217.052,405.267,528.268
2024-08-13,220.784,412.439,536.956
2024-08-14,221.233,415.279,538.65
2024-08-15,224.226,420.189,547.882
2024-08-16,225.554,417.634,549.111
2024-08-19,225.394,420.688,554.361
2024-08-20,226.013,423.951,553.46
2024-08-21,225.903,423.293,555.362
2024-08-22,224.037,414.72,551.003
2024-08-23,226.342,415.957,556.858
2024-08-26,226.681,412.664,555.53
2024-08-27,227.529,413.013,556.293
2024-08-28,225.993,409.78,553.063
2024-08-29,229.285,412.295,553.113
2024-08-30,228.497,416.307,558.393
2024-09-03,222.281,408.622,546.901
2024-09-04,220.365,408.083,545.783
2024-09-05,221.892,407.574,544.455
2024-09-06,220.335,400.898,535.291
2024-09-09,220.425,404.91,541.285
2024-09-10,219.627,413.373,543.642
2024-09-11,222.171,422.195,549.219
2024-09-12,222.281,426.147,553.846
2024-09-13,222.011,429.73,556.739
2024-09-16,215.845,430.478,557.56
2024-09-17,216.314,434.281,557.789
2024-09-18,220.205,429.949,556.135
2024-09-19,228.367,437.814,565.624
2024-09-20,227.699,434.4,564.646
2024-09-23,225.973,432.644,566.058
2024-09-24,226.871,428.313,567.677
2024-09-25,225.873,431.247,566.425
2024-09-26,227.02,430.448,568.671
2024-09-27,227.29,427.165,567.846
2024-09-30,232.488,429.44,570.121
2024-10-01,225.713,419.85,565.014
2024-10-02,226.282,416.297,565.252
2024-10-03,225.174,415.708,564.219
2024-10-04,226.302,415.229,569.346
2024-10-07,221.203,408.722,564.199
2024-10-08,225.274,413.882,569.535
2024-10-09,229.036,416.626,573.479
2024-10-10,228.537,415.009,572.476
2024-10-11,227.05,415.488,575.904
2024-10-14,230.792,418.303,580.614
2024-10-15,233.336,417.904,576.103
2024-10-16,231.271,415.289,578.607
2024-10-17,231.64,415.888,578.657
2024-10-18,234.484,417.325,580.883
2024-10-21,235.961,417.943,579.929
2024-10-22,235.342,426.656,579.621
2024-10-23,230.253,423.752,574.325
2024-10-24,230.064,423.882,575.566
2024-10-25,230.902,427.295,575.368
2024-10-28,232.887,425.738,577.146
2024-10-29,233.157,431.087,578.081
2024-10-30,229.595,431.666,576.332
2024-10-31,225.414,405.538,565.034
2024-11-01,222.42,409.55,567.419
2024-11-04,221.522,407.644,566.196
2024-11-05,222.959,410.638,573.043
2024-11-06,222.231,419.341,587.292
2024-11-07,226.98,424.58,591.833
2024-11-08,226.711,421.696,594.396
2024-11-11,223.984,417.175,594.963
2024-11-12,223.984,422.185,593.114
2024-11-13,224.873,424.351,593.402
2024-11-14,227.969,426.037,589.587
2024-11-15,224.753,414.171,582.036
2024-11-18,227.77,414.929,584.42
2024-11-19,228.029,416.955,586.556
2024-11-20,228.748,414.66,586.755
2024-11-21,228.269,412.87,589.905
2024-11-22,229.618,417.0,591.733
2024-11-25,232.614,418.79,593.74
2024-11-26,234.802,427.99,596.841
2024-11-27,234.672,422.99,595.033
2024-11-29,237.069,423.46,598.728
2024-12-02,239.327,430.98,599.802
2024-12-03,242.384,431.2,600.08
2024-12-04,242.743,437.42,603.806
2024-12-05,242.773,442.62,602.812
2024-12-06,242.573,443.57,603.956
2024-12-09,246.479,446.02,600.845
2024-12-10,247.498,443.33,598.977
2024-12-11,246.219,448.99,603.608
2024-12-12,247.688,449.56,600.497
2024-12-13,247.857,447.27,600.378
2024-12-16,250.764,451.59,602.942
2024-12-17,253.202,454.46,600.457
2024-12-18,247.778,437.39,582.562
2024-12-19,249.516,437.03,582.383
2024-12-20,254.211,436.6,589.378
2024-12-23,254.99,435.25,592.907
2024-12-24,257.916,439.33,599.497
2024-12-26,258.736,438.11,599.537
2024-12-27,255.309,430.53,593.226
2024-12-30,251.923,424.83,586.456
2024-12-31,250.145,421.5,584.323
2025-01-02,243.582,418.58,582.887
2025-01-03,243.093,423.35,590.175
2025-01-06,244.731,427.85,593.575
2025-01-07,241.944,422.37,586.865
2025-01-08,242.433,424.56,587.723
2025-01-10,236.59,418.95,578.749
2025-01-13,234.143,417.19,579.647
2025-01-14,233.024,415.67,580.444
2025-01-15,237.609,426.31,591.003
2025-01-16,228.009,424.58,589.866
2025-01-17,229.727,429.03,595.788
2025-01-21,222.395,428.5,601.242
2025-01-22,223.584,446.2,604.622
2025-01-23,223.414,446.71,607.922
2025-01-24,222.535,444.06,606.147
2025-01-27,229.608,434.56,597.573
2025-01-28,237.998,447.2,602.707
2025-01-29,239.097,442.33,600.006
2025-01-30,237.329,414.99,603.226
2025-01-31,235.741,415.06,600.016
2025-02-03,227.76,410.92,595.978
2025-02-04,232.544,412.37,599.976
2025-02-05,232.215,413.29,602.408
2025-02-06,232.964,415.82,604.502
2025-02-07,227.38,409.75,598.969
2025-02-10,227.65,412.22,603.036
2025-02-11,232.62,411.44,603.495
2025-02-12,236.87,409.04,601.551
2025-02-13,241.53,410.54,607.902
2025-02-14,244.6,408.43,607.872
2025-02-18,244.47,409.64,609.657
2025-02-19,244.87,414.77,611.092
2025-02-20,245.83,416.13,608.55
2025-02-21,245.55,408.21,598.141
2025-02-24,247.172,404.0,595.399
2025-02-25,247.04,397.9,592.458
2025-02-26,240.36,399.73,592.757
2025-02-27,237.3,392.53,583.296
2025-02-28,241.84,396.99,592.398
2025-03-03,238.03,388.49,582.02
2025-03-04,235.93,388.61,575.13
2025-03-05,235.74,401.02,581.312
2025-03-06,235.33,396.89,570.993
2025-03-07,239.07,393.31,574.193
2025-03-10,227.48,380.16,558.899
2025-03-11,220.84,380.45,554.253
2025-03-12,216.98,383.27,557.194
2025-03-13,209.68,378.77,549.767
2025-03-14,213.49,388.56,561.123
2025-03-17,214.0,388.7,565.449
2025-03-18,212.69,383.52,559.338
2025-03-19,215.24,387.82,565.43
2025-03-20,214.1,386.84,563.794
2025-03-21,218.27,391.26,563.98
2025-03-24,220.73,393.08,574.08
2025-03-25,223.75,395.16,575.46
2025-03-26,221.53,389.97,568.59
2025-03-27,223.85,390.58,567.08
2025-03-28,217.9,378.8,555.66
2025-03-31,222.13,375.39,559.39
2025-04-01,223.19,382.19,560.97
2025-04-02,223.89,382.14,564.52
2025-04-03,203.19,373.11,536.7
2025-04-04,188.38,359.84,505.28
2025-04-07,181.46,357.86,504.38
2025-04-08,172.42,354.56,496.48
2025-04-09,198.85,390.49,548.62
2025-04-10,190.42,381.35,524.58
2025-04-11,198.15,388.45,533.94
2025-04-14,202.52,387.81,539.12
2025-04-15,202.14,385.73,537.61
2025-04-16,194.27,371.61,525.66
2025-04-17,196.98,367.78,526.41
2025-04-21,193.16,359.12,513.88
2025-04-22,199.74,366.82,527.25
2025-04-23,204.6,374.39,535.42
2025-04-24,208.37,387.3,546.69
2025-04-25,209.28,391.85,550.64
2025-04-28,210.14,391.16,550.85
2025-04-29,211.21,394.04,554.32
2025-04-30,212.5,395.26,554.54
2025-05-01,213.32,425.4,558.47
2025-05-02,205.35,435.28,566.76
2025-05-05,198.89,436.17,563.51
2025-05-06,198.51,433.31,558.8
2025-05-07,196.25,433.35,561.15
2025-05-08,197.49,438.17,565.06
2025-05-09,198.53,438.73,564.34
2025-05-12,210.79,449.26,582.99
2025-05-13,212.93,449.14,586.84
2025-05-14,212.33,452.94,587.59
2025-05-15,211.45,453.13,590.46
2025-05-16,211.26,454.27,594.2
2025-05-19,208.78,458.87,594.85
2025-05-20,206.86,458.17,592.85
2025-05-21,202.09,452.57,582.86
2025-05-22,201.36,454.86,583.09
2025-05-23,195.27,450.18,579.11
2025-05-27,200.21,460.69,591.15
2025-05-28,200.42,457.36,587.73
2025-05-29,199.95,458.68,590.05
2025-05-30,200.85,460.36,589.39
2025-06-02,201.7,461.97,592.71
2025-06-03,203.27,462.97,596.09
2025-06-04,202.82,463.87,595.93
2025-06-05,200.63,467.68,593.05
2025-06-06,203.92,470.38,599.14
2025-06-09,201.45,472.75,599.68
2025-06-10,202.67,470.92,603.08
2025-06-11,198.78,472.62,601.36
2025-06-12,199.2,478.87,603.75
2025-06-13,196.45,474.96,597.0
2025-06-16,198.42,479.14,602.68
2025-06-17,195.64,478.04,597.53
2025-06-18,196.58,480.24,597.44
2025-06-20,201.0,477.4,594.28
2025-06-23,201.5,486.0,600.15
2025-06-24,200.3,490.11,606.78
2025-06-25,201.56,492.27,607.12
2025-06-26,201.0,497.45,611.87
2025-06-27,201.08,495.94,614.91
2025-06-30,205.17,497.41,617.85
2025-07-01,207.82,492.05,617.65
2025-07-02,212.44,491.09,620.45
2025-07-03,213.55,498.84,625.34
2025-07-07,209.95,497.72,620.68
2025-07-08,210.01,496.62,620.34
2025-07-09,211.14,503.51,624.06
2025-07-10,212.41,501.48,625.82
2025-07-11,211.16,503.32,623.62
2025-07-14,208.62,503.02,624.81
2025-07-15,209.11,505.82,622.14
2025-07-16,210.16,505.62,624.22
2025-07-17,210.02,511.7,628.04
2025-07-18,211.18,510.05,627.58
2025-07-21,212.48,510.06,628.77
2025-07-22,214.4,505.27,628.86
2025-07-23,214.15,505.87,634.21
2025-07-24,213.76,510.88,634.42
2025-07-25,213.88,513.71,637.1
2025-07-28,214.05,512.5,636.94
2025-07-29,211.27,512.57,635.26
2025-07-30,209.05,513.24,634.46
2025-07-31,207.57,533.5,632.08
2025-08-01,202.38,524.11,621.72
2025-08-04,203.35,535.64,631.17
2025-08-05,202.92,527.75,627.97
2025-08-06,213.25,524.94,632.78
2025-08-07,220.03,520.84,632.25
2025-08-08,229.35,522.04,637.18
